USE demo;
SET NAMES utf8mb4;
SET CHARACTER SET utf8mb4;


-- =========================
-- Client
-- =========================
INSERT INTO Client (id_client, PIB, pasportni_dani, telephone, email1) VALUES
(1, 'Іваненко Іван Іванович', 'AA123456', '+380501111111', 'ivanenko1@mail.com'),
(2, 'Петренко Петро Петрович', 'BB234567', '+380502222222', 'petrenko2@mail.com'),
(3, 'Сидоренко Олена Сергіївна', 'CC345678', '+380503333333', 'sidorenko3@mail.com'),
(4, 'Коваленко Андрій Миколайович', 'DD456789', '+380504444444', 'kovalenko4@mail.com'),
(5, 'Мельник Марія Іванівна', 'EE567890', '+380505555555', 'melnyk5@mail.com'),
(6, 'Бондар Олексій Вікторович', 'FF678901', '+380506666666', 'bondar6@mail.com'),
(7, 'Ткаченко Юлія Олегівна', 'GG789012', '+380507777777', 'tkachenko7@mail.com'),
(8, 'Шевченко Дмитро Ігорович', 'HH890123', '+380508888888', 'shevchenko8@mail.com'),
(9, 'Кравчук Наталія Василівна', 'II901234', '+380509999999', 'kravchuk9@mail.com'),
(10, 'Мороз Сергій Анатолійович', 'JJ012345', '+380501010101', 'moroz10@mail.com'),
(11, 'Романюк Оксана Петрівна', 'KK112233', '+380501212121', 'romaniuk11@mail.com'),
(12, 'Лисенко Богдан Романович', 'LL223344', '+380502323232', 'lysenko12@mail.com'),
(13, 'Гриценко Ірина Миколаївна', 'MM334455', '+380503434343', 'hrytsenko13@mail.com'),
(14, 'Данилюк Василь Степанович', 'NN445566', '+380504545454', 'danyliuk14@mail.com'),
(15, 'Олійник Тетяна Юріївна', 'OO556677', '+380505656565', 'oliinyk15@mail.com'),
(16, 'Савченко Роман Ілліч', 'PP667788', '+380506767676', 'savchenko16@mail.com'),
(17, 'Климчук Алла Олександрівна', 'QQ778899', '+380507878787', 'klymchuk17@mail.com'),
(18, 'Яремчук Віктор Петрович', 'RR889900', '+380508989898', 'yaremchuk18@mail.com'),
(19, 'Федоренко Дарина Сергіївна', 'SS990011', '+380509090909', 'fedorenko19@mail.com'),
(20, 'Левченко Максим Денисович', 'TT101112', '+380501313131', 'levchenko20@mail.com');

-- =========================
-- Reservation
-- =========================
INSERT INTO Reservation (id_Reservation, id_Client, data_zaizdu, data_vyizdu) VALUES
(1, 1, '2025-01-05', '2025-01-10'),
(2, 2, '2025-01-06', '2025-01-09'),
(3, 3, '2025-01-07', '2025-01-12'),
(4, 4, '2025-01-08', '2025-01-15'),
(5, 5, '2025-01-10', '2025-01-14'),
(6, 6, '2025-01-12', '2025-01-18'),
(7, 7, '2025-01-15', '2025-01-20'),
(8, 8, '2025-01-16', '2025-01-22'),
(9, 9, '2025-01-18', '2025-01-25'),
(10, 10, '2025-01-20', '2025-01-27'),
(11, 11, '2025-02-01', '2025-02-05'),
(12, 12, '2025-02-03', '2025-02-07'),
(13, 13, '2025-02-05', '2025-02-10'),
(14, 14, '2025-02-06', '2025-02-11'),
(15, 15, '2025-02-08', '2025-02-14'),
(16, 16, '2025-02-10', '2025-02-16'),
(17, 17, '2025-02-12', '2025-02-18'),
(18, 18, '2025-02-14', '2025-02-20'),
(19, 19, '2025-02-16', '2025-02-22'),
(20, 20, '2025-02-18', '2025-02-25');

-- =========================
-- Payment
-- =========================
INSERT INTO Payment (id_Payment, id_Reservation, summa, method, data_payment) VALUES
(1, 1, 3500.00, 'готівка', '2025-01-05'),
(2, 2, 2800.00, 'картка', '2025-01-06'),
(3, 3, 4200.00, 'онлайн', '2025-01-07'),
(4, 4, 6000.00, 'картка', '2025-01-08'),
(5, 5, 3200.00, 'готівка', '2025-01-10'),
(6, 6, 5400.00, 'онлайн', '2025-01-12'),
(7, 7, 4800.00, 'картка', '2025-01-15'),
(8, 8, 5600.00, 'готівка', '2025-01-16'),
(9, 9, 6300.00, 'онлайн', '2025-01-18'),
(10, 10, 7000.00, 'картка', '2025-01-20'),
(11, 11, 3000.00, 'готівка', '2025-02-01'),
(12, 12, 3400.00, 'картка', '2025-02-03'),
(13, 13, 3900.00, 'онлайн', '2025-02-05'),
(14, 14, 3600.00, 'готівка', '2025-02-06'),
(15, 15, 4200.00, 'картка', '2025-02-08'),
(16, 16, 4500.00, 'онлайн', '2025-02-10'),
(17, 17, 4800.00, 'готівка', '2025-02-12'),
(18, 18, 5200.00, 'картка', '2025-02-14'),
(19, 19, 5600.00, 'онлайн', '2025-02-16'),
(20, 20, 6000.00, 'готівка', '2025-02-18');

-- =========================
-- Service
-- =========================
INSERT INTO Service (id_Service, name, price, description) VALUES
(1, 'Сніданок', 300, 'Сніданок у ресторані'),
(2, 'Обід', 400, 'Обід у ресторані'),
(3, 'Вечеря', 500, 'Вечеря у ресторані'),
(4, 'СПА', 800, 'СПА-послуги'),
(5, 'Масаж', 700, 'Релакс масаж'),
(6, 'Прання', 200, 'Прання одягу'),
(7, 'Трансфер', 600, 'Трансфер з аеропорту'),
(8, 'Фітнес', 250, 'Фітнес-зал'),
(9, 'Сауна', 400, 'Сауна'),
(10, 'Басейн', 300, 'Користування басейном');

-- =========================
-- UseOfService
-- =========================
INSERT INTO UseOfService (id_UseOfService, id_Reservation, id_Service, amount, total_amount) VALUES
(1, 1, 1, 2, 600),
(2, 1, 4, 1, 800),
(3, 2, 2, 2, 800),
(4, 3, 3, 1, 500),
(5, 3, 5, 1, 700),
(6, 4, 4, 2, 1600),
(7, 5, 6, 3, 600),
(8, 6, 7, 1, 600),
(9, 7, 8, 2, 500),
(10, 8, 9, 1, 400),
(11, 9, 10, 2, 600),
(12, 10, 1, 3, 900),
(13, 11, 2, 1, 400),
(14, 12, 3, 2, 1000),
(15, 13, 4, 1, 800),
(16, 14, 5, 2, 1400),
(17, 15, 6, 2, 400),
(18, 16, 7, 1, 600),
(19, 17, 8, 1, 250),
(20, 18, 9, 2, 800);
